{
    "base_loss": 0.5974650547382055,
    "kd_loss": 0.0,
    "xai_loss": 0.0,
    "trian_acc": 80.88499313549477,
    "train_acc_top5": 97.73999366353364
}