{
    "base_loss": 0.271885059352336,
    "kd_loss": 0.0,
    "xai_loss": 0.0,
    "trian_acc": 91.29791952687718,
    "train_acc_top5": 99.15513781814342
}