{
    "base_loss": 0.5032834438521528,
    "kd_loss": 0.0,
    "xai_loss": 0.0,
    "trian_acc": 84.17995564473546,
    "train_acc_top5": 98.1307424226423
}