{
    "base_loss": 0.6156807552674136,
    "kd_loss": 0.0,
    "xai_loss": 0.0,
    "trian_acc": 80.52592670820573,
    "train_acc_top5": 97.3914880135178
}