{
    "base_loss": 0.3460017249580445,
    "kd_loss": 0.0,
    "xai_loss": 0.0,
    "trian_acc": 88.68940754039497,
    "train_acc_top5": 99.01784771359172
}