{
    "base_loss": 0.6755053813958045,
    "kd_loss": 0.0,
    "xai_loss": 0.0,
    "trian_acc": 78.7622769035801,
    "train_acc_top5": 97.65550744534798
}