{
    "base_loss": 0.24345185616361392,
    "kd_loss": 0.0,
    "xai_loss": 0.0,
    "trian_acc": 92.0582954905481,
    "train_acc_top5": 99.49308269088606
}