{
    "base_loss": 0.19895576602494444,
    "kd_loss": 0.0,
    "xai_loss": 0.0,
    "trian_acc": 93.63185130425599,
    "train_acc_top5": 99.47196113633963
}