{
    "base_loss": 0.22945597689535704,
    "kd_loss": 0.0,
    "xai_loss": 0.0,
    "trian_acc": 93.02988699968317,
    "train_acc_top5": 99.34523180906115
}