{
    "base_loss": 0.3728464865177352,
    "kd_loss": 0.0,
    "xai_loss": 0.0,
    "trian_acc": 88.11912556764177,
    "train_acc_top5": 99.16569859541663
}